,r1,r2,r3,r3*Imax,Fde,Fst,d1,b2,ranks,desol_inds
0,1.941837212691128,0.014735846051069906,2.7098279779742947e-07,3.1908412905384753,0.5658480773877449,13.787838773630673,0.5500000001548995,1.3000001407438404,1.0,0
8,2.1031414802743633,0.026812631188764147,2.9248810184058876e-07,3.0732610808946097,0.6149093113940932,12.814659754113507,0.550000977368847,1.2420371196257143,1.0,8
19,1.5467799519373053,0.013686387244565635,3.456057991717505e-07,3.202631170666426,0.6360154109302667,12.581260238358906,0.5501717216527624,1.2915255275319104,1.0,19
23,2.189452285027385,0.01945538644358335,3.5282935853590363e-07,3.20727029418539,0.6441972466733649,11.881499756337579,0.5463465444622546,1.278223313556024,1.0,23
30,1.7662968136510997,0.014917369906465347,3.389454621566631e-07,3.2779480889662413,0.6530585044371082,11.778662770161471,0.5504284514216011,1.4156397783156032,1.0,30
74,1.6948745105357776,0.010170711716411323,3.9085594907079334e-07,3.400300160074247,0.68112260973621,11.670565349432575,0.5504045241448824,1.6869909887699182,1.0,74
